ID,Name,Date,Location,Type,Replies,RequestLink
7750,,,,,,https://www.fearlessphotographers.com/find-wedding-photographers.cfm?requestID=7750
7751,,,,,,https://www.fearlessphotographers.com/find-wedding-photographers.cfm?requestID=7751
7752, Radu," Saturday, July 14, 2018", Brasov - Romania , Wedding - more than 6 hours,"27 photographers near your location are available,53 photographers around the world are available",https://www.fearlessphotographers.com/find-wedding-photographers.cfm?requestID=7752
7753, Ankit ," Sunday, December 3, 2017", Mahabalipuram - India, Wedding - more than 6 hours,"25 photographers near your location are available,54 photographers around the world are available",https://www.fearlessphotographers.com/find-wedding-photographers.cfm?requestID=7753
7754, Jessica," Monday, February 12, 2018", Costa Rica , Wedding - less than 6 hours,"8 photographers near your location are available,45 photographers around the world are available",https://www.fearlessphotographers.com/find-wedding-photographers.cfm?requestID=7754
7755, Russell ," Saturday, November 18, 2017"," New York, NY - USA", Wedding - more than 6 hours,73 photographers around the world are available,https://www.fearlessphotographers.com/find-wedding-photographers.cfm?requestID=7755
7756, Michelle," Saturday, May 26, 2018", Umbria - Italy, Wedding - more than 6 hours,"51 photographers near your location are available,112 photographers around the world are available",https://www.fearlessphotographers.com/find-wedding-photographers.cfm?requestID=7756
7757, Becky," Wednesday, October 4, 2017", Playa Del Carmen - Mexico, Wedding - less than 6 hours,"14 photographers near your location are available,19 photographers around the world are available",https://www.fearlessphotographers.com/find-wedding-photographers.cfm?requestID=7757
7758, Petra," Thursday, July 5, 2018", Vienna - Austria, Wedding - more than 6 hours,"12 photographers near your location are available,105 photographers around the world are available",https://www.fearlessphotographers.com/find-wedding-photographers.cfm?requestID=7758
7759, Adriana ," Sunday, May 20, 2018", Bucharest - Romania, Wedding - more than 6 hours,"27 photographers near your location are available,62 photographers around the world are available",https://www.fearlessphotographers.com/find-wedding-photographers.cfm?requestID=7759
7760, Lacey," Sunday, October 7, 2018"," Washington, DC - USA", Wedding - more than 6 hours,"22 photographers near your location are available,40 photographers around the world are available",https://www.fearlessphotographers.com/find-wedding-photographers.cfm?requestID=7760
7761, Wynn," Saturday, July 7, 2018"," Madison, WI - USA", Wedding - less than 6 hours,"1 photographers near your location are available,45 photographers around the world are available",https://www.fearlessphotographers.com/find-wedding-photographers.cfm?requestID=7761
7762, Ruth," Saturday, July 14, 2018"," Asbury, NJ - USA", Wedding - less than 6 hours,63 photographers around the world are available,https://www.fearlessphotographers.com/find-wedding-photographers.cfm?requestID=7762
7763, Claudia," Saturday, October 14, 2017"," Memphis, TN - USA", Wedding - less than 6 hours,30 photographers around the world are available,https://www.fearlessphotographers.com/find-wedding-photographers.cfm?requestID=7763
7764,,,,,,https://www.fearlessphotographers.com/find-wedding-photographers.cfm?requestID=7764
7765, Mariia," Saturday, October 20, 2018", Torreon - Mexico, Wedding - more than 6 hours,"24 photographers near your location are available,78 photographers around the world are available",https://www.fearlessphotographers.com/find-wedding-photographers.cfm?requestID=7765
7766, Tiffany," Sunday, June 3, 2018"," Wrightsville, PA - USA", Wedding - less than 6 hours,"5 photographers near your location are available,46 photographers around the world are available",https://www.fearlessphotographers.com/find-wedding-photographers.cfm?requestID=7766
7767,,,,,,https://www.fearlessphotographers.com/find-wedding-photographers.cfm?requestID=7767
7768,,,,,,https://www.fearlessphotographers.com/find-wedding-photographers.cfm?requestID=7768
7769,,,,,,https://www.fearlessphotographers.com/find-wedding-photographers.cfm?requestID=7769
7770, Jess," Saturday, August 18, 2018", Costa Rica, Wedding - less than 6 hours,"7 photographers near your location are available,46 photographers around the world are available",https://www.fearlessphotographers.com/find-wedding-photographers.cfm?requestID=7770
7771,,,,,,https://www.fearlessphotographers.com/find-wedding-photographers.cfm?requestID=7771
7772, Easton," Saturday, September 22, 2018", Glasgow - UK, Wedding - more than 6 hours,107 photographers around the world are available,https://www.fearlessphotographers.com/find-wedding-photographers.cfm?requestID=7772
7773, Tristan," Friday, October 20, 2017", Seychelles, Wedding - less than 6 hours,33 photographers around the world are available,https://www.fearlessphotographers.com/find-wedding-photographers.cfm?requestID=7773
7774, Mayank," Tuesday, December 5, 2017", Indore - India, Wedding - more than 6 hours,"21 photographers near your location are available,47 photographers around the world are available",https://www.fearlessphotographers.com/find-wedding-photographers.cfm?requestID=7774
7775, Pat," Saturday, November 24, 2018"," Orland Park, IL - USA", Wedding - less than 6 hours,"7 photographers near your location are available,65 photographers around the world are available",https://www.fearlessphotographers.com/find-wedding-photographers.cfm?requestID=7775
7776,,,,,,https://www.fearlessphotographers.com/find-wedding-photographers.cfm?requestID=7776
7777,,,,,,https://www.fearlessphotographers.com/find-wedding-photographers.cfm?requestID=7777
7778, Suman," Thursday, November 23, 2017", Berhampur - India, Wedding - more than 6 hours,"14 photographers near your location are available,48 photographers around the world are available",https://www.fearlessphotographers.com/find-wedding-photographers.cfm?requestID=7778
7779, Brianne," Saturday, April 14, 2018"," Cornelius, NC - USA", Wedding - less than 6 hours,"13 photographers near your location are available,55 photographers around the world are available",https://www.fearlessphotographers.com/find-wedding-photographers.cfm?requestID=7779
7780,,,,,,https://www.fearlessphotographers.com/find-wedding-photographers.cfm?requestID=7780
7781,,,,,,https://www.fearlessphotographers.com/find-wedding-photographers.cfm?requestID=7781
7782, Frances," Sunday, August 5, 2018"," Toronto, ON - Canada", Wedding - more than 6 hours,"15 photographers near your location are available,55 photographers around the world are available",https://www.fearlessphotographers.com/find-wedding-photographers.cfm?requestID=7782
7783, Tasha," Saturday, April 28, 2018", Sicily - Italy, Wedding - more than 6 hours,"48 photographers near your location are available,99 photographers around the world are available",https://www.fearlessphotographers.com/find-wedding-photographers.cfm?requestID=7783
7784, Steve," Saturday, June 23, 2018", London - UK, Wedding - more than 6 hours,85 photographers around the world are available,https://www.fearlessphotographers.com/find-wedding-photographers.cfm?requestID=7784
7785, Brittany," Saturday, September 29, 2018"," Austin, TX - USA ", Wedding - less than 6 hours,"11 photographers near your location are available,56 photographers around the world are available",https://www.fearlessphotographers.com/find-wedding-photographers.cfm?requestID=7785
7786,,,,,,https://www.fearlessphotographers.com/find-wedding-photographers.cfm?requestID=7786
7787, Olga," Thursday, January 25, 2018", Samana - Dominican Republic , Wedding - more than 6 hours,"7 photographers near your location are available,69 photographers around the world are available",https://www.fearlessphotographers.com/find-wedding-photographers.cfm?requestID=7787
7788,,,,,,https://www.fearlessphotographers.com/find-wedding-photographers.cfm?requestID=7788
7789, Sara," Sunday, July 15, 2018"," Toronto, ON - Canada", Wedding - more than 6 hours,"12 photographers near your location are available,48 photographers around the world are available",https://www.fearlessphotographers.com/find-wedding-photographers.cfm?requestID=7789
7790, Ricky," Thursday, June 21, 2018", Santorini - Greece, Wedding - more than 6 hours,"26 photographers near your location are available,79 photographers around the world are available",https://www.fearlessphotographers.com/find-wedding-photographers.cfm?requestID=7790
7791, Farah," Saturday, June 23, 2018", Lebanon, Wedding - more than 6 hours,"2 photographers near your location are available,57 photographers around the world are available",https://www.fearlessphotographers.com/find-wedding-photographers.cfm?requestID=7791
7792, Anisha," Saturday, July 7, 2018"," New York, NY - USA", Wedding - more than 6 hours,84 photographers around the world are available,https://www.fearlessphotographers.com/find-wedding-photographers.cfm?requestID=7792
7793, Nicoli ," Saturday, January 20, 2018"," Greetham, Rutland - UK", Wedding - more than 6 hours,94 photographers around the world are available,https://www.fearlessphotographers.com/find-wedding-photographers.cfm?requestID=7793
7794, Kristin," Friday, September 14, 2018"," Joliet, IL - USA", Wedding - more than 6 hours,"4 photographers near your location are available,50 photographers around the world are available",https://www.fearlessphotographers.com/find-wedding-photographers.cfm?requestID=7794
7795, Christina," Wednesday, October 18, 2017", Barbados - Caribbean, Wedding - less than 6 hours,"5 photographers near your location are available,19 photographers around the world are available",https://www.fearlessphotographers.com/find-wedding-photographers.cfm?requestID=7795
7796,,,,,,https://www.fearlessphotographers.com/find-wedding-photographers.cfm?requestID=7796
7797, Yuk Lin Choi," Friday, December 15, 2017", St Lucia - Caribbean , Wedding - less than 6 hours,"6 photographers near your location are available,53 photographers around the world are available",https://www.fearlessphotographers.com/find-wedding-photographers.cfm?requestID=7797
7798,,,,,,https://www.fearlessphotographers.com/find-wedding-photographers.cfm?requestID=7798
7799,,,,,,https://www.fearlessphotographers.com/find-wedding-photographers.cfm?requestID=7799
7800, Hind," Friday, June 22, 2018", Athens - Greece, Wedding - more than 6 hours,"26 photographers near your location are available,89 photographers around the world are available",https://www.fearlessphotographers.com/find-wedding-photographers.cfm?requestID=7800
7801, Diana," Saturday, November 24, 2018", Mumbai - India, Wedding - less than 6 hours,"23 photographers near your location are available,75 photographers around the world are available",https://www.fearlessphotographers.com/find-wedding-photographers.cfm?requestID=7801
7802, Sara," Sunday, May 27, 2018", Grenada - Caribbean, Wedding - more than 6 hours,"6 photographers near your location are available,74 photographers around the world are available",https://www.fearlessphotographers.com/find-wedding-photographers.cfm?requestID=7802
7803,,,,,,https://www.fearlessphotographers.com/find-wedding-photographers.cfm?requestID=7803
7804,,,,,,https://www.fearlessphotographers.com/find-wedding-photographers.cfm?requestID=7804
7805, Kristin," Saturday, June 30, 2018"," Delaware, OH - USA", Wedding - more than 6 hours,"8 photographers near your location are available,54 photographers around the world are available",https://www.fearlessphotographers.com/find-wedding-photographers.cfm?requestID=7805
7806, Stephanie," Saturday, November 18, 2017"," New York, NY - USA", Wedding - less than 6 hours,"10 photographers near your location are available,29 photographers around the world are available",https://www.fearlessphotographers.com/find-wedding-photographers.cfm?requestID=7806
7807,,,,,,https://www.fearlessphotographers.com/find-wedding-photographers.cfm?requestID=7807
7808,,,,,,https://www.fearlessphotographers.com/find-wedding-photographers.cfm?requestID=7808
7809, Calmen," Monday, July 2, 2018"," Scarbough, ON - Canada", Wedding - more than 6 hours,"23 photographers near your location are available,59 photographers around the world are available",https://www.fearlessphotographers.com/find-wedding-photographers.cfm?requestID=7809
7810, Karey," Saturday, November 18, 2017"," Washington, DC - USA", Wedding - less than 6 hours,"14 photographers near your location are available,11 photographers around the world are available",https://www.fearlessphotographers.com/find-wedding-photographers.cfm?requestID=7810
7811, Beth," Friday, September 21, 2018"," Hastings, MN - USA", Wedding - more than 6 hours,"5 photographers near your location are available,55 photographers around the world are available",https://www.fearlessphotographers.com/find-wedding-photographers.cfm?requestID=7811
7812,,,,,,https://www.fearlessphotographers.com/find-wedding-photographers.cfm?requestID=7812
7813, Laura," Saturday, September 15, 2018"," Riverside, CA - USA", Wedding - less than 6 hours,"19 photographers near your location are available,52 photographers around the world are available",https://www.fearlessphotographers.com/find-wedding-photographers.cfm?requestID=7813
7814, Jeri," Saturday, November 11, 2017"," Miami Beach, FL - USA", Wedding - more than 6 hours,"4 photographers near your location are available,28 photographers around the world are available",https://www.fearlessphotographers.com/find-wedding-photographers.cfm?requestID=7814
7815, Bre ," Wednesday, January 9, 2019", Playa del Carmen - Mexico, Wedding - more than 6 hours,"30 photographers near your location are available,102 photographers around the world are available",https://www.fearlessphotographers.com/find-wedding-photographers.cfm?requestID=7815
7816, Mona," Saturday, July 7, 2018", Bucharest - Romania, Wedding - more than 6 hours,"24 photographers near your location are available,49 photographers around the world are available",https://www.fearlessphotographers.com/find-wedding-photographers.cfm?requestID=7816
7817,,,,,,https://www.fearlessphotographers.com/find-wedding-photographers.cfm?requestID=7817
7818, Richard," Wednesday, January 10, 2018", Sri Lanka, Wedding - less than 6 hours,"4 photographers near your location are available,55 photographers around the world are available",https://www.fearlessphotographers.com/find-wedding-photographers.cfm?requestID=7818
7819, Jade," Sunday, June 17, 2018", Malcesine - Italy, Wedding - more than 6 hours,"46 photographers near your location are available,84 photographers around the world are available",https://www.fearlessphotographers.com/find-wedding-photographers.cfm?requestID=7819
7820, Penny," Saturday, December 1, 2018", Wirral - UK, Wedding - less than 6 hours,48 photographers around the world are available,https://www.fearlessphotographers.com/find-wedding-photographers.cfm?requestID=7820
7821, Kerry," Saturday, December 9, 2017"," Telluride, CO - USA", Wedding - less than 6 hours,"8 photographers near your location are available,35 photographers around the world are available",https://www.fearlessphotographers.com/find-wedding-photographers.cfm?requestID=7821
7822,,,,,,https://www.fearlessphotographers.com/find-wedding-photographers.cfm?requestID=7822
7823, Lois," Saturday, August 4, 2018"," Montreal, QC - Canada", Wedding - more than 6 hours,"4 photographers near your location are available,76 photographers around the world are available",https://www.fearlessphotographers.com/find-wedding-photographers.cfm?requestID=7823
7824,,,,,,https://www.fearlessphotographers.com/find-wedding-photographers.cfm?requestID=7824
7825, Brittany," Friday, June 8, 2018"," Plymouth, MI - USA", Wedding - more than 6 hours,"3 photographers near your location are available,57 photographers around the world are available",https://www.fearlessphotographers.com/find-wedding-photographers.cfm?requestID=7825
7826,,,,,,https://www.fearlessphotographers.com/find-wedding-photographers.cfm?requestID=7826
7827, Caerie," Monday, August 20, 2018", Rouffignac - France, Wedding - more than 6 hours,"61 photographers near your location are available,77 photographers around the world are available",https://www.fearlessphotographers.com/find-wedding-photographers.cfm?requestID=7827
7828,,,,,,https://www.fearlessphotographers.com/find-wedding-photographers.cfm?requestID=7828
7829, Gabriella," Saturday, May 19, 2018", Teddington - UK, Wedding - less than 6 hours,"21 photographers near your location are available,45 photographers around the world are available",https://www.fearlessphotographers.com/find-wedding-photographers.cfm?requestID=7829
7830, Kevin," Saturday, September 15, 2018", Nennig/Saarland - Germany, Wedding - more than 6 hours,"38 photographers near your location are available,84 photographers around the world are available",https://www.fearlessphotographers.com/find-wedding-photographers.cfm?requestID=7830
7831,,,,,,https://www.fearlessphotographers.com/find-wedding-photographers.cfm?requestID=7831
7832, Elena," Saturday, July 14, 2018", Bucharest - Romania, Wedding - more than 6 hours,"25 photographers near your location are available,44 photographers around the world are available",https://www.fearlessphotographers.com/find-wedding-photographers.cfm?requestID=7832
7833, Grace," Friday, July 6, 2018", Waterford - Ireland, Wedding - more than 6 hours,95 photographers around the world are available,https://www.fearlessphotographers.com/find-wedding-photographers.cfm?requestID=7833
7834, Roxana," Sunday, July 15, 2018", Bucharest - Romania, Wedding - more than 6 hours,"26 photographers near your location are available,44 photographers around the world are available",https://www.fearlessphotographers.com/find-wedding-photographers.cfm?requestID=7834
7835, Billy," Saturday, July 28, 2018"," Braintree, Essex - UK", Wedding - more than 6 hours,78 photographers around the world are available,https://www.fearlessphotographers.com/find-wedding-photographers.cfm?requestID=7835
7836, Carrie," Friday, September 14, 2018"," Chicago, IL - USA", Wedding - more than 6 hours,"11 photographers near your location are available,67 photographers around the world are available",https://www.fearlessphotographers.com/find-wedding-photographers.cfm?requestID=7836
7837, Srishti," Friday, February 23, 2018", Lucknow - India, Wedding - more than 6 hours,"20 photographers near your location are available,59 photographers around the world are available",https://www.fearlessphotographers.com/find-wedding-photographers.cfm?requestID=7837
7838, Roni," Thursday, November 30, 2017"," Elk Grove, CA - USA", Wedding - less than 6 hours,"6 photographers near your location are available,45 photographers around the world are available",https://www.fearlessphotographers.com/find-wedding-photographers.cfm?requestID=7838
7839, Sherlley," Sunday, December 17, 2017"," Boston, MA - USA", Wedding - more than 6 hours,"15 photographers near your location are available,28 photographers around the world are available",https://www.fearlessphotographers.com/find-wedding-photographers.cfm?requestID=7839
7840,,,,,,https://www.fearlessphotographers.com/find-wedding-photographers.cfm?requestID=7840
7841, Eleanore," Saturday, December 23, 2017"," Louisville, KY - USA", Wedding - less than 6 hours,"1 photographers near your location are available,28 photographers around the world are available",https://www.fearlessphotographers.com/find-wedding-photographers.cfm?requestID=7841
7842,,,,,,https://www.fearlessphotographers.com/find-wedding-photographers.cfm?requestID=7842
7843,,,,,,https://www.fearlessphotographers.com/find-wedding-photographers.cfm?requestID=7843
7844,,,,,,https://www.fearlessphotographers.com/find-wedding-photographers.cfm?requestID=7844
7845, Julianne," Sunday, May 27, 2018"," New York, NY - USA", Wedding - less than 6 hours,57 photographers around the world are available,https://www.fearlessphotographers.com/find-wedding-photographers.cfm?requestID=7845
7846,,,,,,https://www.fearlessphotographers.com/find-wedding-photographers.cfm?requestID=7846
7847,,,,,,https://www.fearlessphotographers.com/find-wedding-photographers.cfm?requestID=7847
7848, Lauren," Saturday, June 2, 2018"," Washington, DC - USA", Wedding - less than 6 hours,"17 photographers near your location are available,31 photographers around the world are available",https://www.fearlessphotographers.com/find-wedding-photographers.cfm?requestID=7848
7849,,,,,,https://www.fearlessphotographers.com/find-wedding-photographers.cfm?requestID=7849
7850,,,,,,https://www.fearlessphotographers.com/find-wedding-photographers.cfm?requestID=7850
7851, Laura-Maria," Saturday, July 14, 2018", Bucharest - Romania, Wedding - more than 6 hours,"27 photographers near your location are available,47 photographers around the world are available",https://www.fearlessphotographers.com/find-wedding-photographers.cfm?requestID=7851
7852, Jean-Benoit," Saturday, November 18, 2017", Paris - France, Mariage - moins de 6 heures,"9 photographers near your location are available,16 photographers around the world are available",https://www.fearlessphotographers.com/find-wedding-photographers.cfm?requestID=7852
7853,,,,,,https://www.fearlessphotographers.com/find-wedding-photographers.cfm?requestID=7853
7854, Putul," Thursday, November 30, 2017", Delhi - India, Wedding - less than 6 hours,"8 photographers near your location are available,26 photographers around the world are available",https://www.fearlessphotographers.com/find-wedding-photographers.cfm?requestID=7854
7855, Jeffy," Saturday, May 19, 2018"," San Juan, PR - USA", Wedding - more than 6 hours,"3 photographers near your location are available,74 photographers around the world are available",https://www.fearlessphotographers.com/find-wedding-photographers.cfm?requestID=7855
7856, Maria ," Thursday, November 16, 2017", Torreon - Mexico, Wedding - more than 6 hours,"16 photographers near your location are available,3 photographers around the world are available",https://www.fearlessphotographers.com/find-wedding-photographers.cfm?requestID=7856
7857, Stacey," Saturday, September 28, 2019", Liverpool - UK, Wedding - more than 6 hours,139 photographers around the world are available,https://www.fearlessphotographers.com/find-wedding-photographers.cfm?requestID=7857
7858,,,,,,https://www.fearlessphotographers.com/find-wedding-photographers.cfm?requestID=7858
7859, Loree," Wednesday, March 7, 2018", Bhubaneswar - India, Wedding - more than 6 hours,"14 photographers near your location are available,60 photographers around the world are available",https://www.fearlessphotographers.com/find-wedding-photographers.cfm?requestID=7859
7860, Adrian," Saturday, August 18, 2018", Bucharest - Romania, Wedding - more than 6 hours,"19 photographers near your location are available,48 photographers around the world are available",https://www.fearlessphotographers.com/find-wedding-photographers.cfm?requestID=7860
7861, Saswat," Thursday, January 18, 2018", Singapore, Wedding - less than 6 hours,"4 photographers near your location are available,55 photographers around the world are available",https://www.fearlessphotographers.com/find-wedding-photographers.cfm?requestID=7861
7862, Kavitha," Wednesday, July 18, 2018", Chennai - India, Wedding - more than 6 hours,"27 photographers near your location are available,57 photographers around the world are available",https://www.fearlessphotographers.com/find-wedding-photographers.cfm?requestID=7862
7863, Adriana," Saturday, August 18, 2018"," Boston, MA - USA", Wedding - less than 6 hours,"10 photographers near your location are available,30 photographers around the world are available",https://www.fearlessphotographers.com/find-wedding-photographers.cfm?requestID=7863
7864, Oliver," Saturday, August 18, 2018", Finchamstead - UK, Wedding - less than 6 hours,57 photographers around the world are available,https://www.fearlessphotographers.com/find-wedding-photographers.cfm?requestID=7864
7865, Joey," Saturday, July 13, 2019"," Brooklyn, NY - USA", Wedding - more than 6 hours,128 photographers around the world are available,https://www.fearlessphotographers.com/find-wedding-photographers.cfm?requestID=7865
7866, Andreea," Saturday, August 4, 2018", London - UK, Wedding - more than 6 hours,99 photographers around the world are available,https://www.fearlessphotographers.com/find-wedding-photographers.cfm?requestID=7866
7867, Vitalija," Sunday, September 30, 2018", Vari - Greece, Wedding - more than 6 hours,"27 photographers near your location are available,96 photographers around the world are available",https://www.fearlessphotographers.com/find-wedding-photographers.cfm?requestID=7867
7868,,,,,,https://www.fearlessphotographers.com/find-wedding-photographers.cfm?requestID=7868
7869, Carolyn," Friday, June 1, 2018", Iceland, Wedding - less than 6 hours,"1 photographers near your location are available,89 photographers around the world are available",https://www.fearlessphotographers.com/find-wedding-photographers.cfm?requestID=7869
7870, Patreinnah," Sunday, February 18, 2018", Barbados, Wedding - less than 6 hours,"7 photographers near your location are available,65 photographers around the world are available",https://www.fearlessphotographers.com/find-wedding-photographers.cfm?requestID=7870
7871, Erika," Friday, January 19, 2018"," Oakland, CA - USA", Wedding - less than 6 hours,"4 photographers near your location are available,46 photographers around the world are available",https://www.fearlessphotographers.com/find-wedding-photographers.cfm?requestID=7871
7872, Emma," Saturday, October 27, 2018", Liverpool - UK, Wedding - more than 6 hours,76 photographers around the world are available,https://www.fearlessphotographers.com/find-wedding-photographers.cfm?requestID=7872
7873, Richard," Thursday, January 11, 2018", Kandy - Sri Lanka, Wedding - less than 6 hours,"3 photographers near your location are available,63 photographers around the world are available",https://www.fearlessphotographers.com/find-wedding-photographers.cfm?requestID=7873
7874, Martina ," Sunday, May 13, 2018"," Rivercrest Farm, OH - USA", Wedding - less than 6 hours,"2 photographers near your location are available,45 photographers around the world are available",https://www.fearlessphotographers.com/find-wedding-photographers.cfm?requestID=7874
7875, Elodie," Saturday, June 9, 2018", Jouy - France, Wedding - more than 6 hours,"33 photographers near your location are available,81 photographers around the world are available",https://www.fearlessphotographers.com/find-wedding-photographers.cfm?requestID=7875
7876, Eleanor ," Saturday, September 15, 2018", Montagnac - France, Wedding - more than 6 hours,"52 photographers near your location are available,92 photographers around the world are available",https://www.fearlessphotographers.com/find-wedding-photographers.cfm?requestID=7876
7877, Lisa," Saturday, December 16, 2017", Poulton-le-Fylde - UK, Wedding - more than 6 hours,54 photographers around the world are available,https://www.fearlessphotographers.com/find-wedding-photographers.cfm?requestID=7877
7878, Darlene," Sunday, August 26, 2018"," Boston, MA - USA", Wedding - less than 6 hours,"6 photographers near your location are available,59 photographers around the world are available",https://www.fearlessphotographers.com/find-wedding-photographers.cfm?requestID=7878
7879, Elise," Wednesday, July 25, 2018", Quebec - Canada, Wedding - less than 6 hours,"3 photographers near your location are available,57 photographers around the world are available",https://www.fearlessphotographers.com/find-wedding-photographers.cfm?requestID=7879
7880, Nedelcu," Saturday, September 22, 2018", Braila - Romania , Wedding - more than 6 hours,"25 photographers near your location are available,60 photographers around the world are available",https://www.fearlessphotographers.com/find-wedding-photographers.cfm?requestID=7880
7881, Ana," Saturday, October 27, 2018", Seville - Spain, Boda - más de 6 horas,"70 photographers near your location are available,100 photographers around the world are available",https://www.fearlessphotographers.com/find-wedding-photographers.cfm?requestID=7881
7882,,,,,,https://www.fearlessphotographers.com/find-wedding-photographers.cfm?requestID=7882
7883, Vamsi," Sunday, April 1, 2018"," Austin, TX - USA", Wedding - less than 6 hours,"10 photographers near your location are available,56 photographers around the world are available",https://www.fearlessphotographers.com/find-wedding-photographers.cfm?requestID=7883
7884, Mallory," Tuesday, January 30, 2018", Iceland, Wedding - less than 6 hours,83 photographers around the world are available,https://www.fearlessphotographers.com/find-wedding-photographers.cfm?requestID=7884
7885,,,,,,https://www.fearlessphotographers.com/find-wedding-photographers.cfm?requestID=7885
7886, Bob," Monday, June 4, 2018", Dominican Republic - Caribbean, Wedding - less than 6 hours,"3 photographers near your location are available,69 photographers around the world are available",https://www.fearlessphotographers.com/find-wedding-photographers.cfm?requestID=7886
7887,,,,,,https://www.fearlessphotographers.com/find-wedding-photographers.cfm?requestID=7887
7888, Benjamin," Saturday, April 28, 2018"," Chicago, IL - USA", Wedding - less than 6 hours,"9 photographers near your location are available,57 photographers around the world are available",https://www.fearlessphotographers.com/find-wedding-photographers.cfm?requestID=7888
7889,,,,,,https://www.fearlessphotographers.com/find-wedding-photographers.cfm?requestID=7889
7890,,,,,,https://www.fearlessphotographers.com/find-wedding-photographers.cfm?requestID=7890
7891,,,,,,https://www.fearlessphotographers.com/find-wedding-photographers.cfm?requestID=7891
7892,,,,,,https://www.fearlessphotographers.com/find-wedding-photographers.cfm?requestID=7892
7893,,,,,,https://www.fearlessphotographers.com/find-wedding-photographers.cfm?requestID=7893
7894, Desiree," Saturday, December 29, 2018", Tobago - Caribbean, Wedding - more than 6 hours,"7 photographers near your location are available,97 photographers around the world are available",https://www.fearlessphotographers.com/find-wedding-photographers.cfm?requestID=7894
7895,,,,,,https://www.fearlessphotographers.com/find-wedding-photographers.cfm?requestID=7895
7896,,,,,,https://www.fearlessphotographers.com/find-wedding-photographers.cfm?requestID=7896
7897,,,,,,https://www.fearlessphotographers.com/find-wedding-photographers.cfm?requestID=7897
7898,,,,,,https://www.fearlessphotographers.com/find-wedding-photographers.cfm?requestID=7898
7899,,,,,,https://www.fearlessphotographers.com/find-wedding-photographers.cfm?requestID=7899
7900, Steven," Sunday, December 17, 2017"," Brooklyn, NY - USA", Wedding - less than 6 hours,12 photographers around the world are available,https://www.fearlessphotographers.com/find-wedding-photographers.cfm?requestID=7900
7901, Patricia," Sunday, January 14, 2018", Split - Croatia, Wedding - more than 6 hours,"1 photographers near your location are available,39 photographers around the world are available",https://www.fearlessphotographers.com/find-wedding-photographers.cfm?requestID=7901
7902, Yuet," Wednesday, September 26, 2018", Iceland, Wedding - less than 6 hours,"2 photographers near your location are available,114 photographers around the world are available",https://www.fearlessphotographers.com/find-wedding-photographers.cfm?requestID=7902
7903, Rebecca," Saturday, August 18, 2018"," Bedminster, NJ - USA", Wedding - more than 6 hours,40 photographers around the world are available,https://www.fearlessphotographers.com/find-wedding-photographers.cfm?requestID=7903
7904,,,,,,https://www.fearlessphotographers.com/find-wedding-photographers.cfm?requestID=7904
7905, Clarissa," Saturday, July 21, 2018"," Albany, NY, USA", Wedding - more than 6 hours,"24 photographers near your location are available,66 photographers around the world are available",https://www.fearlessphotographers.com/find-wedding-photographers.cfm?requestID=7905
7906, James ," Saturday, September 8, 2018"," Duxbury, MA - USA", Wedding - less than 6 hours,"6 photographers near your location are available,26 photographers around the world are available",https://www.fearlessphotographers.com/find-wedding-photographers.cfm?requestID=7906
7907,,,,,,https://www.fearlessphotographers.com/find-wedding-photographers.cfm?requestID=7907
7908, Garima," Sunday, February 4, 2018", Delhi, Wedding - less than 6 hours,"8 photographers near your location are available,46 photographers around the world are available",https://www.fearlessphotographers.com/find-wedding-photographers.cfm?requestID=7908
7909, Johana," Saturday, March 3, 2018", Colombia, Wedding - more than 6 hours,"1 photographers near your location are available,65 photographers around the world are available",https://www.fearlessphotographers.com/find-wedding-photographers.cfm?requestID=7909
7910, Sean ," Saturday, January 6, 2018", Hanoi - Vietnam, Wedding - more than 6 hours,"3 photographers near your location are available,23 photographers around the world are available",https://www.fearlessphotographers.com/find-wedding-photographers.cfm?requestID=7910
7911,,,,,,https://www.fearlessphotographers.com/find-wedding-photographers.cfm?requestID=7911
7912,,,,,,https://www.fearlessphotographers.com/find-wedding-photographers.cfm?requestID=7912
7913, Claudia," Saturday, July 28, 2018", Buftea - Romania, Wedding,"23 photographers near your location are available,52 photographers around the world are available",https://www.fearlessphotographers.com/find-wedding-photographers.cfm?requestID=7913
7914, Fatemah," Sunday, July 15, 2018", London - UK, Wedding,30 photographers around the world are available,https://www.fearlessphotographers.com/find-wedding-photographers.cfm?requestID=7914
7915, Janis," Saturday, August 18, 2018"," Roxbury, NY - USA", Wedding,"20 photographers near your location are available,52 photographers around the world are available",https://www.fearlessphotographers.com/find-wedding-photographers.cfm?requestID=7915
7916, Karen," Friday, August 10, 2018"," Stirling, NJ - USA", Wedding,31 photographers around the world are available,https://www.fearlessphotographers.com/find-wedding-photographers.cfm?requestID=7916
7917, Christine," Monday, January 15, 2018", Moscow - Russia, Wedding,"2 photographers near your location are available,25 photographers around the world are available",https://www.fearlessphotographers.com/find-wedding-photographers.cfm?requestID=7917
7918, Georgia," Sunday, September 2, 2018", Athens - Greece, Baptism,"21 photographers near your location are available,64 photographers around the world are available",https://www.fearlessphotographers.com/find-wedding-photographers.cfm?requestID=7918
7919, Anna," Saturday, September 29, 2018", Athens - Greece, Wedding,"29 photographers near your location are available,94 photographers around the world are available",https://www.fearlessphotographers.com/find-wedding-photographers.cfm?requestID=7919
7920,,,,,,https://www.fearlessphotographers.com/find-wedding-photographers.cfm?requestID=7920
7921, Maggie," Saturday, September 8, 2018"," Northbrook, IL - USA", Wedding,"9 photographers near your location are available,39 photographers around the world are available",https://www.fearlessphotographers.com/find-wedding-photographers.cfm?requestID=7921
7922, Belinda," Tuesday, March 13, 2018", Seychelles, Wedding,73 photographers around the world are available,https://www.fearlessphotographers.com/find-wedding-photographers.cfm?requestID=7922
7923, Neha," Saturday, November 17, 2018"," Blackwood,NJ - USA", Wedding,78 photographers around the world are available,https://www.fearlessphotographers.com/find-wedding-photographers.cfm?requestID=7923
7924, Annadore," Saturday, August 4, 2018"," Barnesville, PA - USA", Wedding,"14 photographers near your location are available,62 photographers around the world are available",https://www.fearlessphotographers.com/find-wedding-photographers.cfm?requestID=7924
7925, Prashant," Sunday, April 29, 2018", New Delhi - India, Wedding,"20 photographers near your location are available,58 photographers around the world are available",https://www.fearlessphotographers.com/find-wedding-photographers.cfm?requestID=7925
7926, Lindsey," Saturday, September 22, 2018"," Pittsburgh, PA  - USA", Wedding,"7 photographers near your location are available,57 photographers around the world are available",https://www.fearlessphotographers.com/find-wedding-photographers.cfm?requestID=7926
7927, Ben," Friday, March 9, 2018", Dominican Republic, Wedding,"6 photographers near your location are available,69 photographers around the world are available",https://www.fearlessphotographers.com/find-wedding-photographers.cfm?requestID=7927
7928, Lars," Saturday, July 28, 2018", Lund - Sweden, Wedding,"1 photographers near your location are available,73 photographers around the world are available",https://www.fearlessphotographers.com/find-wedding-photographers.cfm?requestID=7928
7929, Ira," Friday, November 2, 2018", Jamaica, Wedding,"6 photographers near your location are available,86 photographers around the world are available",https://www.fearlessphotographers.com/find-wedding-photographers.cfm?requestID=7929
7930, Renee," Friday, October 5, 2018"," Huntington, NY - USA", Wedding,62 photographers around the world are available,https://www.fearlessphotographers.com/find-wedding-photographers.cfm?requestID=7930
7931, Aravind," Thursday, September 6, 2018", Sri Lanka, Wedding,"4 photographers near your location are available,73 photographers around the world are available",https://www.fearlessphotographers.com/find-wedding-photographers.cfm?requestID=7931
7932, Jacqueline," Monday, September 3, 2018", Montana - USA, Wedding,"2 photographers near your location are available,64 photographers around the world are available",https://www.fearlessphotographers.com/find-wedding-photographers.cfm?requestID=7932
7933, Katrina," Saturday, October 27, 2018", George - South Africa, Wedding,"7 photographers near your location are available,75 photographers around the world are available",https://www.fearlessphotographers.com/find-wedding-photographers.cfm?requestID=7933
7934, Shardae," Saturday, December 8, 2018", Essex - UK , Wedding,108 photographers around the world are available,https://www.fearlessphotographers.com/find-wedding-photographers.cfm?requestID=7934
7935, Ilona," Friday, March 16, 2018", Mauritius, Wedding,"5 photographers near your location are available,50 photographers around the world are available",https://www.fearlessphotographers.com/find-wedding-photographers.cfm?requestID=7935
7936,,,,,,https://www.fearlessphotographers.com/find-wedding-photographers.cfm?requestID=7936
7937, Stephanie," Saturday, October 20, 2018"," Glen Clove, NY - USA", Wedding,67 photographers around the world are available,https://www.fearlessphotographers.com/find-wedding-photographers.cfm?requestID=7937
7938, Tom," Saturday, July 7, 2018", Somerset - UK, Wedding,90 photographers around the world are available,https://www.fearlessphotographers.com/find-wedding-photographers.cfm?requestID=7938
7939,,,,,,https://www.fearlessphotographers.com/find-wedding-photographers.cfm?requestID=7939
7940, Danielle," Saturday, September 22, 2018", Port Elizabeth - South Africa, Wedding,"1 photographers near your location are available,44 photographers around the world are available",https://www.fearlessphotographers.com/find-wedding-photographers.cfm?requestID=7940
7941, Ann," Tuesday, June 19, 2018", Venice - Italy,"
		","50 photographers near your location are available,84 photographers around the world are available",https://www.fearlessphotographers.com/find-wedding-photographers.cfm?requestID=7941
7942,,,,,,https://www.fearlessphotographers.com/find-wedding-photographers.cfm?requestID=7942
7943, Kerry," Saturday, May 5, 2018", Groot Brak - South Africa, Wedding,"4 photographers near your location are available,57 photographers around the world are available",https://www.fearlessphotographers.com/find-wedding-photographers.cfm?requestID=7943
7944, Ashley," Sunday, October 28, 2018"," Wadsworth, IL -  USA", Wedding,"9 photographers near your location are available,49 photographers around the world are available",https://www.fearlessphotographers.com/find-wedding-photographers.cfm?requestID=7944
7945, Abigail," Saturday, June 23, 2018", Greece, Wedding,"26 photographers near your location are available,85 photographers around the world are available",https://www.fearlessphotographers.com/find-wedding-photographers.cfm?requestID=7945
7946,,,,,,https://www.fearlessphotographers.com/find-wedding-photographers.cfm?requestID=7946
7947, Catherine," Friday, May 24, 2019", Mauritius, Wedding,"5 photographers near your location are available,108 photographers around the world are available",https://www.fearlessphotographers.com/find-wedding-photographers.cfm?requestID=7947
7948, Jason," Saturday, December 15, 2018", Surrey - UK, Wedding,74 photographers around the world are available,https://www.fearlessphotographers.com/find-wedding-photographers.cfm?requestID=7948
7949, Deana," Saturday, July 14, 2018"," Brooklyn, NY - USA", Wedding,90 photographers around the world are available,https://www.fearlessphotographers.com/find-wedding-photographers.cfm?requestID=7949
7950, Margaret," Saturday, July 21, 2018"," Sebago Lake, ME - USA", Wedding,"16 photographers near your location are available,45 photographers around the world are available",https://www.fearlessphotographers.com/find-wedding-photographers.cfm?requestID=7950
7951, Menghua," Thursday, February 15, 2018", Prague - Czech Republic, Wedding,"3 photographers near your location are available,52 photographers around the world are available",https://www.fearlessphotographers.com/find-wedding-photographers.cfm?requestID=7951
7952, Salman," Sunday, August 12, 2018"," Atlanta, GA - USA", Wedding,"2 photographers near your location are available,67 photographers around the world are available",https://www.fearlessphotographers.com/find-wedding-photographers.cfm?requestID=7952
7953, Kristina," Friday, August 24, 2018"," Kelowna, BC - Canada", Wedding,"9 photographers near your location are available,55 photographers around the world are available",https://www.fearlessphotographers.com/find-wedding-photographers.cfm?requestID=7953
7954, Russell," Friday, April 26, 2019", Mauritius, Wedding,"4 photographers near your location are available,106 photographers around the world are available",https://www.fearlessphotographers.com/find-wedding-photographers.cfm?requestID=7954
7955, Romelda," Saturday, October 6, 2018", George- South Africa, Wedding,"6 photographers near your location are available,78 photographers around the world are available",https://www.fearlessphotographers.com/find-wedding-photographers.cfm?requestID=7955
7956,,,,,,https://www.fearlessphotographers.com/find-wedding-photographers.cfm?requestID=7956
7957, Vinayak Behl ," Wednesday, July 4, 2018", Hua Hin - Thailand, Wedding,"12 photographers near your location are available,50 photographers around the world are available",https://www.fearlessphotographers.com/find-wedding-photographers.cfm?requestID=7957
7958, Farah," Wednesday, March 14, 2018", Mahe Island - Seychelles, Wedding,"5 photographers near your location are available,41 photographers around the world are available",https://www.fearlessphotographers.com/find-wedding-photographers.cfm?requestID=7958
7959, Eva," Saturday, August 18, 2018", Slovenia, Wedding,"2 photographers near your location are available,72 photographers around the world are available",https://www.fearlessphotographers.com/find-wedding-photographers.cfm?requestID=7959
7960,,,,,,https://www.fearlessphotographers.com/find-wedding-photographers.cfm?requestID=7960
7961, Oliver," Thursday, August 9, 2018", Kos Island - Greece, Wedding,"19 photographers near your location are available,91 photographers around the world are available",https://www.fearlessphotographers.com/find-wedding-photographers.cfm?requestID=7961
7962, Diana," Saturday, June 30, 2018", Bucharest  - Romania, Wedding,"7 photographers near your location are available,45 photographers around the world are available",https://www.fearlessphotographers.com/find-wedding-photographers.cfm?requestID=7962
7963,,,,,,https://www.fearlessphotographers.com/find-wedding-photographers.cfm?requestID=7963
7964, Srishti," Friday, February 23, 2018", Lucknow - India, Wedding,43 photographers around the world are available,https://www.fearlessphotographers.com/find-wedding-photographers.cfm?requestID=7964
7965, Lucy," Saturday, December 1, 2018", London - UK, Wedding,140 photographers around the world are available,https://www.fearlessphotographers.com/find-wedding-photographers.cfm?requestID=7965
7966, Luis," Saturday, July 21, 2018", Rio Bueno - Jamaica, Wedding,"4 photographers near your location are available,68 photographers around the world are available",https://www.fearlessphotographers.com/find-wedding-photographers.cfm?requestID=7966
7967, Ramona," Saturday, May 12, 2018", Brasov - Romania, Wedding,"27 photographers near your location are available,55 photographers around the world are available",https://www.fearlessphotographers.com/find-wedding-photographers.cfm?requestID=7967
7968, Holly," Saturday, October 13, 2018"," Basking Ridge, NJ - USA", Wedding,"13 photographers near your location are available,62 photographers around the world are available",https://www.fearlessphotographers.com/find-wedding-photographers.cfm?requestID=7968
7969, Paula," Saturday, November 3, 2018", Coria - Spain, Wedding,"81 photographers near your location are available,104 photographers around the world are available",https://www.fearlessphotographers.com/find-wedding-photographers.cfm?requestID=7969
7970, Irina," Saturday, September 15, 2018", Corbeanca - Romania, Wedding,"8 photographers near your location are available,52 photographers around the world are available",https://www.fearlessphotographers.com/find-wedding-photographers.cfm?requestID=7970
7971,,,,,,https://www.fearlessphotographers.com/find-wedding-photographers.cfm?requestID=7971
7972, Cindy," Friday, October 26, 2018"," New York, NY -  USA", Wedding,73 photographers around the world are available,https://www.fearlessphotographers.com/find-wedding-photographers.cfm?requestID=7972
7973,,,,,,https://www.fearlessphotographers.com/find-wedding-photographers.cfm?requestID=7973
7974, Christine," Sunday, June 17, 2018"," Morristown, NJ - US", Wedding,69 photographers around the world are available,https://www.fearlessphotographers.com/find-wedding-photographers.cfm?requestID=7974
7975, Joy," Sunday, September 2, 2018"," Rome, GA - USA", Wedding,"5 photographers near your location are available,51 photographers around the world are available",https://www.fearlessphotographers.com/find-wedding-photographers.cfm?requestID=7975
7976, Sindhu ," Sunday, November 18, 2018", Selangor - Malaysia, Wedding,"15 photographers near your location are available,61 photographers around the world are available",https://www.fearlessphotographers.com/find-wedding-photographers.cfm?requestID=7976
7977,,,,,,https://www.fearlessphotographers.com/find-wedding-photographers.cfm?requestID=7977
7978,,,,,,https://www.fearlessphotographers.com/find-wedding-photographers.cfm?requestID=7978
7979, Briana," Sunday, October 14, 2018"," Long Island, NY - USA", Wedding,56 photographers around the world are available,https://www.fearlessphotographers.com/find-wedding-photographers.cfm?requestID=7979
7980, Lisa," Saturday, June 23, 2018"," Washington, DC - USA", Wedding,"20 photographers near your location are available,30 photographers around the world are available",https://www.fearlessphotographers.com/find-wedding-photographers.cfm?requestID=7980
7981, Vladimir," Sunday, July 8, 2018", Bucharest - Romania, Wedding,"29 photographers near your location are available,46 photographers around the world are available",https://www.fearlessphotographers.com/find-wedding-photographers.cfm?requestID=7981
7982,,,,,,https://www.fearlessphotographers.com/find-wedding-photographers.cfm?requestID=7982
7983, Laurel," Saturday, September 29, 2018"," Littleton, CO - USA", Wedding,"15 photographers near your location are available,53 photographers around the world are available",https://www.fearlessphotographers.com/find-wedding-photographers.cfm?requestID=7983
7984, Natasha," Saturday, November 17, 2018", Campinas - Brasil, Wedding,"17 photographers near your location are available,81 photographers around the world are available",https://www.fearlessphotographers.com/find-wedding-photographers.cfm?requestID=7984
7985,,,,,,https://www.fearlessphotographers.com/find-wedding-photographers.cfm?requestID=7985
7986, Stella ," Saturday, May 5, 2018", Athens - Greece, Wedding,"16 photographers near your location are available,75 photographers around the world are available",https://www.fearlessphotographers.com/find-wedding-photographers.cfm?requestID=7986
7987, Vicky," Tuesday, February 20, 2018"," Oakville, ON - Canada", Wedding,"6 photographers near your location are available,22 photographers around the world are available",https://www.fearlessphotographers.com/find-wedding-photographers.cfm?requestID=7987
7988,,,,,,https://www.fearlessphotographers.com/find-wedding-photographers.cfm?requestID=7988
7989, Andra," Saturday, May 19, 2018", Bucharest - Romania, Wedding,"17 photographers near your location are available,50 photographers around the world are available",https://www.fearlessphotographers.com/find-wedding-photographers.cfm?requestID=7989
7990, David," Monday, May 28, 2018", Tuscany - Italy, Wedding,"23 photographers near your location are available,86 photographers around the world are available",https://www.fearlessphotographers.com/find-wedding-photographers.cfm?requestID=7990
7991, Justin," Saturday, August 25, 2018"," Berkeley, CA - USA", Wedding,"10 photographers near your location are available,68 photographers around the world are available",https://www.fearlessphotographers.com/find-wedding-photographers.cfm?requestID=7991
7992, Allison," Saturday, October 20, 2018"," Nathrop, CO - USA", Wedding,"18 photographers near your location are available,60 photographers around the world are available",https://www.fearlessphotographers.com/find-wedding-photographers.cfm?requestID=7992
7993, Michelle," Saturday, August 4, 2018"," Washington, DC - USA", Wedding,"25 photographers near your location are available,50 photographers around the world are available",https://www.fearlessphotographers.com/find-wedding-photographers.cfm?requestID=7993
7994,,,,,,https://www.fearlessphotographers.com/find-wedding-photographers.cfm?requestID=7994
7995,,,,,,https://www.fearlessphotographers.com/find-wedding-photographers.cfm?requestID=7995
7996,,,,,,https://www.fearlessphotographers.com/find-wedding-photographers.cfm?requestID=7996
7997, Paul," Friday, August 17, 2018"," Fleet, Hampshire - UK", Wedding,93 photographers around the world are available,https://www.fearlessphotographers.com/find-wedding-photographers.cfm?requestID=7997
7998, Erica," Saturday, September 22, 2018"," Milton, NY - USA", Wedding,"22 photographers near your location are available,53 photographers around the world are available",https://www.fearlessphotographers.com/find-wedding-photographers.cfm?requestID=7998
7999, Melanie + Michael," Friday, May 18, 2018", Scuol/Graubünden/Switzerland, Wedding,"3 photographers near your location are available,78 photographers around the world are available",https://www.fearlessphotographers.com/find-wedding-photographers.cfm?requestID=7999
8000, Rebecca," Saturday, October 6, 2018"," Honiton, Devon - UK", Wedding,86 photographers around the world are available,https://www.fearlessphotographers.com/find-wedding-photographers.cfm?requestID=8000
